{
    "code": "villagergear",
    "class": "ItemVillagerGear",
    "maxstacksize": 1,
    "attributes": {
        "weaponAssetLocationByType": {
            "*-spear-gold": "spear-generic-ornategold",
            "*-spear-silver": "spear-generic-ornatesilver",
            "*-scrap-spear": "spear-scrap-scrap",
            "*-scrap-blade": "blade-scrap-scrap",
            "*-scrap-axe": "axe-scrap-scrap",
            "*-scrap-club": "club-scrap-scrap",
            "*-scrap-mace": "club-scrapmace-scrap",
            "*-dagger": "knife-generic-meteoriciron",
            "*-sword-blackguard": "blade-blackguard-iron",
            "*": "{name}"
        },
        "wearableAttachment": true,
        "handbook": {
            "exclude": true
        }
    },
    "variantgroups": [
        {
            "code": "type",
            "states": [
                "weapon"
            ]
        },
        {
            "code": "name",
            "states": [
                "bow",
                "dagger",
                "spear-silver",
                "spear-gold",
                "scrap-spear",
                "scrap-blade",
                "scrap-axe",
                "scrap-club",
                "scrap-mace",
                "sword-blackguard",
                "bow-simple",
                "bow-recurve",
                "bow-long"
            ]
        }
    ],
    "shapeByType": {
        "*-bow": {
            "base": "game:entity/humanoid/traderaccessories/tools/bow"
        },
        "*-dagger": {
            "base": "game:entity/humanoid/traderaccessories/tools/dagger"
        },
        "*": {
            "base": "villagergear/{name}"
        }
    }
}