{
    "code": "villagergear",
    "class": "ItemVillagerGear",
    "maxstacksize": 1,
    "attributes": {
        "wearableAttachment": true,
        "handbook": {
            "exclude": true
        }
    },
    "variantgroups": [
        {
            "code": "type",
            "states": [
                "head"
            ]
        },
        {
            "code": "name",
            "states": [
                "armor",
                "armor-hallowcroft",
                "bandage",
                "bandage-eye",
                "jewelry-monocle",
                "jewelry-monocle-copper",
                "jewelry-monocle-gold",
                "beret",
                "chaperon",
                "fez",
                "miner-hat",
                "hood",
                "hood-red",
                "keffiyeh"
            ]
        }
    ],
    "shapeByType": {
        "*-armor": {
            "base": "game:entity/humanoid/traderaccessories/armor/head"
        },
        "*-armor-hallowcroft": {
            "base": "game:entity/humanoid/traderaccessories/armor/head"
        },
        "*-bandage": {
            "base": "villagergear/bandage-head"
        },
        "*-bandage-eye": {
            "base": "game:entity/humanoid/traderaccessories/bandages/eye"
        },
        "*-jewelry-monocle": {
            "base": "game:entity/humanoid/traderaccessories/jewelry/monocle"
        },
        "*-jewelry-monocle-*": {
            "base": "game:entity/humanoid/traderaccessories/jewelry/monocle"
        },
        "*-beret": {
            "base": "game:entity/humanoid/traderaccessories/beret"
        },
        "*-chaperon": {
            "base": "game:entity/humanoid/traderaccessories/chaperon"
        },
        "*-fez": {
            "base": "game:entity/humanoid/traderaccessories/fez"
        },
        "*-miner-hat": {
            "base": "game:entity/humanoid/traderaccessories/miner-hat"
        },
        "*-hood": {
            "base": "villagergear/hood"
        },
        "*-hood-*": {
            "base": "villagergear/hood"
        },
        "*-keffiyeh": {
            "base": "game:entity/humanoid/traderaccessories/keffiyeh"
        }
    },
    "texturesByType": {
        "*-armor-hallowcroft": {
            "material": {
                "base": "game:entity/humanoid/traderaccessories/armor/hallowcroft"
            }
        },
        "*-copper": {
            "material": {
                "base": "game:entity/humanoid/traderaccessories/jewelry/copper"
            }
        },
        "*-gold": {
            "material": {
                "base": "game:entity/humanoid/traderaccessories/jewelry/gold"
            }
        },
        "*-hood": {
            "material": {
                "base": "game:entity/humanoid/traderaccessories/hood/plain"
            }
        },
        "*-red": {
            "material": {
                "base": "game:entity/humanoid/traderaccessories/hood/red"
            }
        }
    }
}