[
    {
        "op": "addeach",
        "path": "/selling/list/-",
        "value": [
            {
                "code": "wolftaming:creature-dog-wolf-pup",
                "type": "item",
                "stacksize": 1,
                "stock": {
                    "avg": 2,
                    "var": 1
                },
                "price": {
                    "avg": 6,
                    "var": 2
                }
            },
            {
                "code": "wolftaming:creature-dog-hunting-pup",
                "type": "item",
                "stacksize": 1,
                "stock": {
                    "avg": 2,
                    "var": 1
                },
                "price": {
                    "avg": 6,
                    "var": 2
                }
            },
            {
                "code": "wolftaming:creature-dog-shepherd-pup",
                "type": "item",
                "stacksize": 1,
                "stock": {
                    "avg": 2,
                    "var": 1
                },
                "price": {
                    "avg": 6,
                    "var": 2
                }
            }
        ],
        "file": "vsvillage:config/tradelists/villager-trader.json",
        "dependsOn": [
            {
                "modid": "wolftaming"
            }
        ]
    },
    {
        "op": "addeach",
        "path": "/selling/list/-",
        "value": [
            {
                "code": "cats:creature-cat-kitten",
                "type": "item",
                "stacksize": 1,
                "stock": {
                    "avg": 2,
                    "var": 1
                },
                "price": {
                    "avg": 6,
                    "var": 2
                }
            }
        ],
        "file": "vsvillage:config/tradelists/villager-trader.json",
        "dependsOn": [
            {
                "modid": "cats"
            }
        ]
    }
]