{
	"editor": {
		"backDropShape": "villager",
		"allAngles": false,
		"entityTextureMode": true
	},
	"textureWidth": 24,
	"textureHeight": 24,
	"textureSizes": {
	},
	"textures": {
		"bandages": "game:entity/humanoid/traderaccessories/bandages"
	},
	"elements": [
		{
			"name": "BandageHead",
			"stepParentName": "Head",
			"from": [ -0.3, 3.0, -0.3 ], 
			"to": [ 5.3, 4.0, 5.3 ], 
			"autoUnwrap": false,
			"uv": [ 0.0, 8.0 ],
			"rotationOrigin": [ -0.1, 3.0, -0.1 ],
			"faces": {
				"north": { "texture": "#bandages", "uv": [ 17.5, 12.0, 23.0, 13.0 ] },
				"east": { "texture": "#bandages", "uv": [ 5.5, 13.0, 11.0, 14.0 ] },
				"south": { "texture": "#bandages", "uv": [ 10.5, 13.0, 16.0, 14.0 ] },
				"west": { "texture": "#bandages", "uv": [ 16.0, 13.0, 21.5, 14.0 ] },
				"up": { "texture": "#bandages", "uv": [ 0.0, 11.0, 5.5, 16.5 ] },
				"down": { "texture": "#bandages", "uv": [ 0.0, 11.0, 5.5, 16.5 ] }
			}
		}
	]}