{
	"code": "humanoid-villager",
	"class": "EntityAgent",
	"canClimb": true,
	"eyeHeight": 1.4,
	"attributes": {
		"personality": "balanced",
		"personalities": {
			"balanced": { "chordDelayMul": 1.3, "pitchModifier": 0.7, "volumneModifier": 1.1 }
		}
	},
	"hitboxSize": {
		"x": 0.5,
		"y": 1.75
	},
	"deadHitboxSize": {
		"x": 0.75,
		"y": 0.5
	},
	"variantGroups": [
		{
			"code": "sex",
			"states": [
				"male",
				"female"
			]
		},
		{
			"code": "profession",
			"states": [
				"soldier",
				"smith",
				"farmer",
				"shepherd",
				"herbalist",
				"mayor",
				"archer",
				"trader"
			]
		}
	],
	"client": {
		"renderer": "Shape",
		"shape": {
			"base": "game:entity/humanoid/villager-{sex}"
		},
		"behaviors": [
			{
				"code": "repulseagents"
			},
			{ "code": "nametag", "showtagonlywhentargeted": true, "selectFromRandomNameByType": {"*-male-*": ["Aphid", "Erik", "Adachi", "Farhad", "Pegalesharro", "Floyd", "Temper", "En Repos", "Alanus", "Baldrich", "Cuno", "Dominicus", "Ludwig", "Lambert", "Geralt", "Richard", "Wolfram", "Zachäus", "Pippin", "Frodo", "Baggins", "Rudolf", "Marcus", "Benjamin", "Cronos", "Timoleon", "Leonidas", "Xerxes", "Brutus", "William", "Maurinus", "Hubertus"], "*-female-*": ["Anne", "Agnes", "Adachi", "Farhad", "Bianca", "Hedwig", "Demud", "Imagina", "Johanna", "Judith", "Magdalena", "Philippa", "Methild", "Violante", "Walpurga", "Josephine", "Joana", "Yvonne", "Lisbeth", "Dione", "Diana", "Olivia", "Hermine", "Triss", "Yennefer", "Lucia", "Mirella", "Bernadetta", "Tacia"]}},
			{
				"code": "controlledphysics",
				"stepHeight": 1.01
			},
			{
				"code": "interpolateposition"
			}
		],
		"animations": [
			{
				"code": "idle",
				"animation": "idle",
				"blendMode": "average",
				"triggeredBy": {
					"defaultAnim": true
				}
			},
			{
				"code": "sleep",
				"animation": "lie",
				"blendMode": "add"
			},
			{
				"code": "die",
				"animation": "die",
				"animationSpeed": 1.75,
				"weight": 10,
				"blendMode": "addAverage"
			},
			{
				"code": "hurt",
				"animation": "hurt",
				"animationSpeed": 2,
				"blendMode": "addAverage"
			},
			{
				"animation": "balanced-walk",
				"blendMode": "average"
			},
			{
				"animation": "balanced-hit",
				"blendMode": "addAverage",
				"animationSpeed": 0.7,
				"animationSound": {
					"frame": 5,
					"location": "effect/anvilhit*"
				}
			},
			{
				"animation": "balanced-run",
				"blendMode": "average"
			},
			{
				"animation": "balanced-walk",
				"blendMode": "average"
			},
			{
				"animation": "balanced-hoe-till",
				"blendMode": "average"
			},
			{
				"animation": "balanced-sitfloor",
				"blendMode": "average"
			},
			{
				"animation": "balanced-sitedge",
				"blendMode": "average"
			},
			{
				"animation": "balanced-sitchair",
				"blendMode": "average"
			},
			{
				"animation": "balanced-sitchairtable",
				"blendMode": "average"
			},
			{
				"animation": "balanced-lie",
				"blendMode": "average"
			},
			{
				"animation": "balanced-sitfloor",
				"blendMode": "average"
			},
			{
				"animation": "balanced-spindle-spinsit",
				"blendMode": "add",
				"elementWeight": {
					"UpperArmR": 100,
					"LowerArmR": 100,
					"UpperArmL": 100,
					"LowerArmL": 100
				},
				"elementBlendMode": {
					"UpperArmR": "addAverage",
					"LowerArmR": "addAverage",
					"UpperArmL": "addAverage",
					"LowerArmL": "addAverage"
				}
			},
			{
				"animation": "balanced-holdbothhands",
				"blendMode": "add",
				"elementWeight": {
					"UpperArmRHelper": 100,
					"UpperArmR": 100,
					"LowerArmRHelper": 100,
					"LowerArmR": 100,
					"UpperArmLHelper": 100,
					"UpperArmL": 100,
					"LowerArmLHelper": 100,
					"LowerArmL": 100
				},
				"elementBlendMode": {
					"UpperArmRHelper": "addAverage",
					"LowerArmRHelper": "addAverage",
					"UpperArmR": "addAverage",
					"LowerArmR": "addAverage",
					"UpperArmLHelper": "addAverage",
					"LowerArmLHelper": "addAverage",
					"UpperArmL": "addAverage",
					"LowerArmL": "addAverage"
				}
			},
			{
				"animation": "balanced-bowl-eatsittable",
				"blendMode": "add",
				"elementWeight": {
					"LowerTorso": 100,
					"UpperTorso": 100,
					"UpperArmRHelper": 100,
					"UpperArmR": 100,
					"LowerArmRHelper": 100,
					"LowerArmR": 100,
					"UpperArmLHelper": 100,
					"UpperArmL": 100,
					"LowerArmLHelper": 100,
					"LowerArmL": 100
				},
				"elementBlendMode": {
					"LowerTorso": "addAverage",
					"UpperTorso": "addAverage",
					"UpperArmRHelper": "addAverage",
					"LowerArmRHelper": "addAverage",
					"UpperArmR": "addAverage",
					"LowerArmR": "addAverage",
					"UpperArmLHelper": "addAverage",
					"LowerArmLHelper": "addAverage",
					"UpperArmL": "addAverage",
					"LowerArmL": "addAverage"
				}
			},
			{
				"animation": "balanced-mug-stand",
				"blendMode": "add",
				"elementWeight": {
					"Origin": 100,
					"LowerTorso": 100,
					"UpperTorso": 100,
					"UpperArmRHelper": 100,
					"UpperArmR": 100,
					"LowerArmRHelper": 100,
					"LowerArmR": 100,
					"UpperArmLHelper": 100,
					"UpperArmL": 100,
					"LowerArmLHelper": 100,
					"LowerArmL": 100
				},
				"elementBlendMode": {
					"Origin": "addAverage",
					"LowerTorso": "addAverage",
					"UpperTorso": "addAverage",
					"UpperArmRHelper": "addAverage",
					"LowerArmRHelper": "addAverage",
					"UpperArmR": "addAverage",
					"LowerArmR": "addAverage",
					"UpperArmLHelper": "addAverage",
					"LowerArmLHelper": "addAverage",
					"UpperArmL": "addAverage",
					"LowerArmL": "addAverage"
				}
			},
			{
				"animation": "balanced-mug-standdrink",
				"blendMode": "add",
				"elementWeight": {
					"Origin": 100,
					"LowerTorso": 100,
					"UpperTorso": 100,
					"UpperArmRHelper": 100,
					"UpperArmR": 100,
					"LowerArmRHelper": 100,
					"LowerArmR": 100,
					"UpperArmLHelper": 100,
					"UpperArmL": 100,
					"LowerArmLHelper": 100,
					"LowerArmL": 100
				},
				"elementBlendMode": {
					"Origin": "addAverage",
					"LowerTorso": "addAverage",
					"UpperTorso": "addAverage",
					"UpperArmRHelper": "addAverage",
					"LowerArmRHelper": "addAverage",
					"UpperArmR": "addAverage",
					"LowerArmR": "addAverage",
					"UpperArmLHelper": "addAverage",
					"LowerArmLHelper": "addAverage",
					"UpperArmL": "addAverage",
					"LowerArmL": "addAverage"
				}
			},
			{
				"animation": "balanced-mug-tablesit",
				"blendMode": "add",
				"elementWeight": {
					"Origin": 100,
					"LowerTorso": 100,
					"UpperTorso": 100,
					"UpperArmRHelper": 100,
					"UpperArmR": 100,
					"LowerArmRHelper": 100,
					"LowerArmR": 100,
					"UpperArmLHelper": 100,
					"UpperArmL": 100,
					"LowerArmLHelper": 100,
					"LowerArmL": 100
				},
				"elementBlendMode": {
					"Origin": "addAverage",
					"LowerTorso": "addAverage",
					"UpperTorso": "addAverage",
					"UpperArmRHelper": "addAverage",
					"LowerArmRHelper": "addAverage",
					"UpperArmR": "addAverage",
					"LowerArmR": "addAverage",
					"UpperArmLHelper": "addAverage",
					"LowerArmLHelper": "addAverage",
					"UpperArmL": "addAverage",
					"LowerArmL": "addAverage"
				}
			},
			{
				"animation": "balanced-mug-tablesitdrink",
				"blendMode": "add",
				"elementWeight": {
					"UpperTorso": 200,
					"UpperArmRHelper": 200,
					"UpperArmR": 200,
					"LowerArmRHelper": 200,
					"LowerArmR": 200,
					"UpperArmLHelper": 200,
					"UpperArmL": 200,
					"LowerArmLHelper": 200,
					"LowerArmL": 200
				},
				"elementBlendMode": {
					"UpperTorso": "addAverage",
					"UpperArmRHelper": "addAverage",
					"LowerArmRHelper": "addAverage",
					"UpperArmR": "addAverage",
					"LowerArmR": "addAverage",
					"UpperArmLHelper": "addAverage",
					"LowerArmLHelper": "addAverage",
					"UpperArmL": "addAverage",
					"LowerArmL": "addAverage"
				}
			},
			{
				"animation": "balanced-pipe-sitchair",
				"blendMode": "add",
				"elementWeight": {
					"LowerTorso": 100,
					"UpperTorso": 100,
					"UpperArmRHelper": 100,
					"UpperArmR": 100,
					"LowerArmRHelper": 100,
					"LowerArmR": 100,
					"UpperArmLHelper": 100,
					"UpperArmL": 100,
					"LowerArmLHelper": 100,
					"LowerArmL": 100
				},
				"elementBlendMode": {
					"LowerTorso": "addAverage",
					"UpperTorso": "addAverage",
					"UpperArmRHelper": "addAverage",
					"LowerArmRHelper": "addAverage",
					"UpperArmR": "addAverage",
					"LowerArmR": "addAverage",
					"UpperArmLHelper": "addAverage",
					"LowerArmLHelper": "addAverage",
					"UpperArmL": "addAverage",
					"LowerArmL": "addAverage"
				}
			},
			{
				"animation": "balanced-jugglingballs-juggle",
				"blendMode": "add",
				"elementWeight": {
					"BallRblueORIGIN": 200,
					"BallRredORIGIN": 200,
					"BallLyellowORIGIN": 200,
					"UpperTorso": 200,
					"UpperArmRHelper": 200,
					"UpperArmR": 200,
					"LowerArmRHelper": 200,
					"LowerArmR": 200,
					"UpperArmLHelper": 200,
					"UpperArmL": 200,
					"LowerArmLHelper": 200,
					"LowerArmL": 200
				},
				"elementBlendMode": {
					"BallRblueORIGIN": "addAverage",
					"BallRredORIGIN": "addAverage",
					"BallLyellowORIGIN": "addAverage",
					"UpperTorso": "addAverage",
					"UpperArmRHelper": "addAverage",
					"LowerArmRHelper": "addAverage",
					"UpperArmR": "addAverage",
					"LowerArmR": "addAverage",
					"UpperArmLHelper": "addAverage",
					"LowerArmLHelper": "addAverage",
					"UpperArmL": "addAverage",
					"LowerArmL": "addAverage"
				}
			},
			{
				"animation": "balanced-torch-hold",
				"blendMode": "add",
				"elementWeight": {
					"UpperArmLHelper": 90,
					"UpperArmL": 90,
					"LowerArmLHelper": 90
				},
				"elementBlendMode": {
					"UpperArmLHelper": "addAverage",
					"UpperArmL": "addAverage",
					"LowerArmLHelper": "addAverage"
				}
			},
			{
				"animation": "hurdygurdy-bow",
				"blendMode": "add",
				"elementWeight": {
					"BeltAttachment": 100
				},
				"elementBlendMode": {
					"BeltAttachment": "addAverage"
				}
			},
			{
				"animation": "balanced-hoe-till",
				"blendMode": "average",
				"animationSound": {
					"frame": 19,
					"location": "block/dirt*"
				}
			},
			{
				"animation": "elderbalanced-walk",
				"blendMode": "average"
			},
			{
				"animation": "elderbalanced-run",
				"blendMode": "average"
			},
			{
				"animation": "elderbalanced-walk",
				"blendMode": "average"
			},
			{
				"animation": "elderbalanced-sitfloor",
				"blendMode": "average"
			},
			{
				"animation": "elderbalanced-sitedge",
				"blendMode": "average"
			},
			{
				"animation": "elderbalanced-sitchair",
				"blendMode": "average"
			},
			{
				"animation": "elderbalanced-sitchairtable",
				"blendMode": "average"
			},
			{
				"animation": "elderbalanced-lie",
				"blendMode": "average"
			},
			{
				"animation": "elderbalanced-sitfloor",
				"blendMode": "average"
			},
			{
				"animation": "balanced-hammer-forge",
				"blendMode": "add",
				"animationSound": {
					"frame": 10,
					"location": "effect/anvilhit*"
				},
				"elementWeight": {
					"LowerTorso": 100,
					"UpperTorso": 100,
					"UpperArmRHelper": 100,
					"UpperArmR": 100,
					"LowerArmRHelper": 100,
					"LowerArmR": 100,
					"UpperArmLHelper": 100,
					"UpperArmL": 100,
					"LowerArmLHelper": 100,
					"LowerArmL": 100
				},
				"elementBlendMode": {
					"LowerTorso": "addAverage",
					"UpperTorso": "addAverage",
					"UpperArmRHelper": "addAverage",
					"LowerArmRHelper": "addAverage",
					"UpperArmR": "addAverage",
					"LowerArmR": "addAverage",
					"UpperArmLHelper": "addAverage",
					"LowerArmLHelper": "addAverage",
					"UpperArmL": "addAverage",
					"LowerArmL": "addAverage"
				}
			}
		]
	},
	"server": {
		"attributes": {
			"pathfinder": {
				"minTurnAnglePerSec": 720,
				"maxTurnAnglePerSec": 1440
			}
		},
		"behaviors": [
			{
				"code": "repulseagents"
			},
			{ "code": "nametag", "showtagonlywhentargeted": true, "selectFromRandomNameByType": {"*-male-*": ["Aphid", "Erik", "Adachi", "Farhad", "Pegalesharro", "Floyd", "Temper", "En Repos", "Alanus", "Baldrich", "Cuno", "Dominicus", "Ludwig", "Lambert", "Geralt", "Richard", "Wolfram", "Zachäus", "Pippin", "Frodo", "Baggins", "Rudolf", "Marcus", "Benjamin", "Cronos", "Timoleon", "Leonidas", "Xerxes", "Brutus", "William", "Maurinus", "Hubertus"], "*-female-*": ["Anne", "Agnes", "Adachi", "Farhad", "Bianca", "Hedwig", "Demud", "Imagina", "Johanna", "Judith", "Magdalena", "Philippa", "Methild", "Violante", "Walpurga", "Josephine", "Joana", "Yvonne", "Lisbeth", "Dione", "Diana", "Olivia", "Hermine", "Triss", "Yennefer", "Lucia", "Mirella", "Bernadetta", "Tacia"]}},
			{
				"code": "controlledphysics",
				"stepHeight": 1.01
			},
			{
				"code": "deaddecay",
				"hoursToDecay": 96,
				"decayedBlock": "drycarcass-humanoid1"
			},
			{
				"code": "replacewithentity",
				"entitycode": "vsvillage:villager-{sex}-{profession}"
			}
		]
	},
	"sounds": {}
}