[
    {
        "id": "vsvillage:quest-gatherMeatForSeed",
        "cooldown": 30,
        "perPlayer": false,
        "gatherObjectives": [
            {
                "validCodes": [
                    "bushmeat-raw",
                    "bushmeat-cooked",
                    "bushmeat-cured",
                    "redmeat-raw",
                    "redmeat-cooked",
                    "redmeat-cured",
                    "poultry-raw",
                    "poultry-cooked",
                    "poultry-cured"
                ],
                "demand": 25
            }
        ],
        "killObjectives": [],
        "randomItemRewards": {
            "selectAmount": 3,
            "items": [
                {
                    "itemCode": "game:seeds-carrot",
                    "minAmount": 3,
                    "maxAmount": 6
                },
                {
                    "itemCode": "game:seeds-flax",
                    "minAmount": 3,
                    "maxAmount": 6
                },
                {
                    "itemCode": "game:seeds-onion",
                    "minAmount": 3,
                    "maxAmount": 6
                },
                {
                    "itemCode": "game:seeds-spelt",
                    "minAmount": 3,
                    "maxAmount": 6
                },
                {
                    "itemCode": "game:seeds-turnip",
                    "minAmount": 3,
                    "maxAmount": 6
                },
                {
                    "itemCode": "game:seeds-parsnip",
                    "minAmount": 3,
                    "maxAmount": 6
                },
                {
                    "itemCode": "game:seeds-rice",
                    "minAmount": 3,
                    "maxAmount": 6
                },
                {
                    "itemCode": "game:seeds-rye",
                    "minAmount": 3,
                    "maxAmount": 6
                },
                {
                    "itemCode": "game:seeds-soybean",
                    "minAmount": 3,
                    "maxAmount": 6
                },
                {
                    "itemCode": "game:seeds-cabbage",
                    "minAmount": 3,
                    "maxAmount": 6
                },
                {
                    "itemCode": "game:seeds-pumpkin",
                    "minAmount": 3,
                    "maxAmount": 6
                },
                {
                    "itemCode": "game:seeds-pineapple",
                    "minAmount": 1,
                    "maxAmount": 2
                },
                {
                    "itemCode": "game:seeds-cassava",
                    "minAmount": 3,
                    "maxAmount": 6
                },
                {
                    "itemCode": "game:seeds-amaranth",
                    "minAmount": 3,
                    "maxAmount": 6
                },
                {
                    "itemCode": "game:seeds-peanut",
                    "minAmount": 3,
                    "maxAmount": 6
                },
                {
                    "itemCode": "game:seeds-sunflower",
                    "minAmount": 3,
                    "maxAmount": 6
                }
            ]
        }
    },
    {
        "id": "vsvillage:quest-gatherMeatForGrain",
        "cooldown": 30,
        "perPlayer": false,
        "gatherObjectives": [
            {
                "validCodes": [
                    "bushmeat-raw",
                    "bushmeat-cooked",
                    "bushmeat-cured",
                    "redmeat-raw",
                    "redmeat-cooked",
                    "redmeat-cured",
                    "poultry-raw",
                    "poultry-cooked",
                    "poultry-cured"
                ],
                "demand": 20
            }
        ],
        "killObjectives": [],
        "randomItemRewards": {
            "selectAmount": 2,
            "items": [
                {
                    "itemCode": "game:grain-spelt",
                    "minAmount": 12,
                    "maxAmount": 24
                },
                {
                    "itemCode": "game:grain-rice",
                    "minAmount": 12,
                    "maxAmount": 24
                },
                {
                    "itemCode": "game:grain-flax",
                    "minAmount": 12,
                    "maxAmount": 24
                },
                {
                    "itemCode": "game:grain-rye",
                    "minAmount": 12,
                    "maxAmount": 24
                },
                {
                    "itemCode": "game:grain-amaranth",
                    "minAmount": 12,
                    "maxAmount": 24
                },
                {
                    "itemCode": "game:grain-sunflower",
                    "minAmount": 12,
                    "maxAmount": 24
                }
            ]
        }
    },
    {
        "id": "vsvillage:quest-gather10MeatFor4FlaxSeeds",
        "cooldown": 30,
        "perPlayer": false,
        "gatherObjectives": [
            {
                "validCodes": [
                    "bushmeat-raw",
                    "bushmeat-cooked",
                    "bushmeat-cured",
                    "redmeat-raw",
                    "redmeat-cooked",
                    "redmeat-cured",
                    "poultry-raw",
                    "poultry-cooked",
                    "poultry-cured"
                ],
                "demand": 10
            }
        ],
        "killObjectives": [],
        "itemRewards": [
            {
                "itemCode": "game:seeds-flax",
                "amount": 4
            }
        ]
    },
    {
        "id": "vsvillage:quest-gather10MeatFor4CarrotSeeds",
        "cooldown": 30,
        "perPlayer": false,
        "gatherObjectives": [
            {
                "validCodes": [
                    "bushmeat-raw",
                    "bushmeat-cooked",
                    "bushmeat-cured",
                    "redmeat-raw",
                    "redmeat-cooked",
                    "redmeat-cured",
                    "poultry-raw",
                    "poultry-cooked",
                    "poultry-cured"
                ],
                "demand": 10
            }
        ],
        "killObjectives": [],
        "itemRewards": [
            {
                "itemCode": "game:seeds-carrot",
                "amount": 4
            }
        ]
    },
    {
        "id": "vsvillage:quest-gather10MeatFor4OnionSeeds",
        "cooldown": 30,
        "perPlayer": false,
        "gatherObjectives": [
            {
                "validCodes": [
                    "bushmeat-raw",
                    "bushmeat-cooked",
                    "bushmeat-cured",
                    "redmeat-raw",
                    "redmeat-cooked",
                    "redmeat-cured",
                    "poultry-raw",
                    "poultry-cooked",
                    "poultry-cured"
                ],
                "demand": 10
            }
        ],
        "killObjectives": [],
        "itemRewards": [
            {
                "itemCode": "game:seeds-onion",
                "amount": 4
            }
        ]
    },
    {
        "id": "vsvillage:quest-gather10MeatFor4SpeltSeeds",
        "cooldown": 30,
        "perPlayer": false,
        "gatherObjectives": [
            {
                "validCodes": [
                    "bushmeat-raw",
                    "bushmeat-cooked",
                    "bushmeat-cured",
                    "redmeat-raw",
                    "redmeat-cooked",
                    "redmeat-cured",
                    "poultry-raw",
                    "poultry-cooked",
                    "poultry-cured"
                ],
                "demand": 10
            }
        ],
        "killObjectives": [],
        "itemRewards": [
            {
                "itemCode": "game:seeds-spelt",
                "amount": 4
            }
        ]
    },
    {
        "id": "vsvillage:quest-gather10MeatFor4ParsnipSeeds",
        "cooldown": 30,
        "perPlayer": false,
        "gatherObjectives": [
            {
                "validCodes": [
                    "bushmeat-raw",
                    "bushmeat-cooked",
                    "bushmeat-cured",
                    "redmeat-raw",
                    "redmeat-cooked",
                    "redmeat-cured",
                    "poultry-raw",
                    "poultry-cooked",
                    "poultry-cured"
                ],
                "demand": 10
            }
        ],
        "killObjectives": [],
        "itemRewards": [
            {
                "itemCode": "game:seeds-parsnip",
                "amount": 4
            }
        ]
    },
    {
        "id": "vsvillage:quest-gather10MeatFor4TurnipSeeds",
        "cooldown": 30,
        "perPlayer": false,
        "gatherObjectives": [
            {
                "validCodes": [
                    "bushmeat-raw",
                    "bushmeat-cooked",
                    "bushmeat-cured",
                    "redmeat-raw",
                    "redmeat-cooked",
                    "redmeat-cured",
                    "poultry-raw",
                    "poultry-cooked",
                    "poultry-cured"
                ],
                "demand": 10
            }
        ],
        "killObjectives": [],
        "itemRewards": [
            {
                "itemCode": "game:seeds-turnip",
                "amount": 4
            }
        ]
    },
    {
        "id": "vsvillage:quest-gather16HayFor1BlueCheesewheel",
        "cooldown": 25,
        "perPlayer": false,
        "gatherObjectives": [
            {
                "validCodes": [
                    "hay-*"
                ],
                "demand": 16
            }
        ],
        "killObjectives": [],
        "itemRewards": [
            {
                "itemCode": "game:cheese-blue-4slice",
                "amount": 1
            }
        ]
    },
    {
        "id": "vsvillage:quest-gather16HayFor1CheddarCheesewheel",
        "cooldown": 25,
        "perPlayer": false,
        "gatherObjectives": [
            {
                "validCodes": [
                    "hay-*"
                ],
                "demand": 16
            }
        ],
        "killObjectives": [],
        "itemRewards": [
            {
                "itemCode": "game:cheese-cheddar-4slice",
                "amount": 1
            }
        ]
    },
    {
        "id": "vsvillage:quest-gather6GrainFor12Eggs",
        "cooldown": 10,
        "perPlayer": false,
        "gatherObjectives": [
            {
                "validCodes": [
                    "grain-*"
                ],
                "demand": 6
            }
        ],
        "killObjectives": [],
        "itemRewards": [
            {
                "itemCode": "game:egg-chicken-raw",
                "amount": 12
            }
        ]
    },
    {
        "id": "vsvillage:quest-gather24GrainFor18Poultry",
        "cooldown": 20,
        "perPlayer": false,
        "gatherObjectives": [
            {
                "validCodes": [
                    "grain-*"
                ],
                "demand": 24
            }
        ],
        "killObjectives": [],
        "itemRewards": [
            {
                "itemCode": "game:poultry-raw",
                "amount": 18
            }
        ]
    },
    {
        "id": "vsvillage:quest-gather24GrainFor18Redmeat",
        "cooldown": 20,
        "perPlayer": false,
        "gatherObjectives": [
            {
                "validCodes": [
                    "grain-*"
                ],
                "demand": 24
            }
        ],
        "killObjectives": [],
        "itemRewards": [
            {
                "itemCode": "game:redmeat-raw",
                "amount": 18
            }
        ]
    },
    {
        "id": "vsvillage:quest-gather12CharcoalFor4Gears",
        "cooldown": 30,
        "perPlayer": false,
        "gatherObjectives": [
            {
                "validCodes": [
                    "charcoal"
                ],
                "demand": 12
            }
        ],
        "killObjectives": [],
        "itemRewards": [
            {
                "itemCode": "game:gear-rusty",
                "amount": 4
            }
        ]
    },
    {
        "id": "vsvillage:quest-cull2HaresFor20Carrots",
        "cooldown": 10,
        "perPlayer": false,
        "gatherObjectives": [],
        "killObjectives": [
            {
                "validCodes": [
                    "hare-male-arctic",
                    "hare-male-ashgrey",
                    "hare-male-darkbrown",
                    "hare-male-desert",
                    "hare-male-gold",
                    "hare-male-lightbrown",
                    "hare-male-lightgrey",
                    "hare-male-silver",
                    "hare-male-smokegrey",
                    "hare-female-arctic",
                    "hare-female-ashgrey",
                    "hare-female-darkbrown",
                    "hare-female-desert",
                    "hare-female-gold",
                    "hare-female-lightbrown",
                    "hare-female-lightgrey",
                    "hare-female-silver",
                    "hare-female-smokegrey",
                    "hare-baby-arctic",
                    "hare-baby-ashgrey",
                    "hare-baby-darkbrown",
                    "hare-baby-desert",
                    "hare-baby-gold",
                    "hare-baby-lightbrown",
                    "hare-baby-lightgrey",
                    "hare-baby-silver",
                    "hare-baby-smokegrey"
                ],
                "demand": 2
            }
        ],
        "itemRewards": [
            {
                "itemCode": "game:vegetable-carrot",
                "amount": 20
            }
        ]
    },
    {
        "id": "vsvillage:quest-cull2HaresFor20Spelt",
        "cooldown": 10,
        "perPlayer": false,
        "gatherObjectives": [],
        "killObjectives": [
            {
                "validCodes": [
                    "hare-male-arctic",
                    "hare-male-ashgrey",
                    "hare-male-darkbrown",
                    "hare-male-desert",
                    "hare-male-gold",
                    "hare-male-lightbrown",
                    "hare-male-lightgrey",
                    "hare-male-silver",
                    "hare-male-smokegrey",
                    "hare-female-arctic",
                    "hare-female-ashgrey",
                    "hare-female-darkbrown",
                    "hare-female-desert",
                    "hare-female-gold",
                    "hare-female-lightbrown",
                    "hare-female-lightgrey",
                    "hare-female-silver",
                    "hare-female-smokegrey",
                    "hare-baby-arctic",
                    "hare-baby-ashgrey",
                    "hare-baby-darkbrown",
                    "hare-baby-desert",
                    "hare-baby-gold",
                    "hare-baby-lightbrown",
                    "hare-baby-lightgrey",
                    "hare-baby-silver",
                    "hare-baby-smokegrey"
                ],
                "demand": 2
            }
        ],
        "itemRewards": [
            {
                "itemCode": "game:grain-spelt",
                "amount": 20
            }
        ]
    },
    {
        "id": "vsvillage:quest-kill2WolvesFor8Gears",
        "cooldown": 30,
        "perPlayer": false,
        "gatherObjectives": [],
        "killObjectives": [
            {
                "validCodes": [
                    "wolf-male",
                    "wolf-female",
                    "wolf-pup"
                ],
                "demand": 2
            }
        ],
        "itemRewards": [
            {
                "itemCode": "game:gear-rusty",
                "amount": 8
            }
        ]
    },
    {
        "id": "vsvillage:quest-kill3FoxesFor8Gear",
        "cooldown": 30,
        "perPlayer": false,
        "gatherObjectives": [],
        "killObjectives": [
            {
                "validCodes": [
                    "fox-pup-forest",
                    "fox-pup-arctic",
                    "fox-male",
                    "fox-female",
                    "fox-arctic-male",
                    "fox-arctic-female"
                ],
                "demand": 3
            }
        ],
        "itemRewards": [
            {
                "itemCode": "game:gear-rusty",
                "amount": 8
            }
        ]
    },
    {
        "id": "vsvillage:quest-upgradeGambison",
        "cooldown": 99999999,
        "perPlayer": true,
        "gatherObjectives": [
            {
                "validCodes": [
                    "armor-head-sewn-linen"
                ],
                "demand": 1
            },
            {
                "validCodes": [
                    "armor-body-sewn-linen"
                ],
                "demand": 1
            },
            {
                "validCodes": [
                    "armor-legs-sewn-linen"
                ],
                "demand": 1
            },
            {
                "validCodes": [
                    "gear-rusty"
                ],
                "demand": 32
            }
        ],
        "killObjectives": [],
        "itemRewards": [
            {
                "itemCode": "game:armor-head-tailored-plain-linen",
                "amount": 1
            },
            {
                "itemCode": "game:armor-body-tailored-plain-linen",
                "amount": 1
            },
            {
                "itemCode": "game:armor-legs-tailored-plain-linen",
                "amount": 1
            }
        ]
    },
    {
        "id": "vsvillage:quest-sell1CheesewheelFor4Gears",
        "cooldown": 25,
        "perPlayer": false,
        "gatherObjectives": [
            {
                "validCodes": [
                    "cheese-blue-4slice",
                    "cheese-cheddar-4slice"
                ],
                "demand": 1
            }
        ],
        "killObjectives": [],
        "itemRewards": [
            {
                "itemCode": "game:gear-rusty",
                "amount": 4
            }
        ]
    },
    {
        "id": "vsvillage:quest-buy1BlackGuardSword",
        "cooldown": 30,
        "perPlayer": false,
        "gatherObjectives": [
            {
                "validCodes": [
                    "ingot-iron"
                ],
                "demand": 1
            },
            {
                "validCodes": [
                    "charcoal"
                ],
                "demand": 1
            },
            {
                "validCodes": [
                    "gear-rusty"
                ],
                "demand": 4
            }
        ],
        "killObjectives": [],
        "itemRewards": [
            {
                "itemCode": "game:blade-blackguard-iron",
                "amount": 1
            }
        ]
    },
    {
        "id": "vsvillage:quest-repairingAnOldSet1",
        "cooldown": 99999999,
        "perPlayer": false,
        "gatherObjectives": [
            {
                "validCodes": [
                    "ingot-copper"
                ],
                "demand": 1
            }
        ],
        "killObjectives": [],
        "itemRewards": [
            {
                "itemCode": "game:armor-head-sewn-linen",
                "amount": 1
            }
        ]
    },
    {
        "id": "vsvillage:quest-repairingAnOldSet2",
        "predecessor": "vsvillage:quest-repairingAnOldSet1",
        "cooldown": 99999999,
        "perPlayer": false,
        "gatherObjectives": [
            {
                "validCodes": [
                    "flaxtwine"
                ],
                "demand": 12
            }
        ],
        "killObjectives": [],
        "itemRewards": [
            {
                "itemCode": "game:armor-legs-sewn-linen",
                "amount": 1
            }
        ]
    },
    {
        "id": "vsvillage:quest-repairingAnOldSet3",
        "predecessor": "vsvillage:quest-repairingAnOldSet2",
        "cooldown": 99999999,
        "perPlayer": false,
        "gatherObjectives": [
            {
                "validCodes": [
                    "vegetable-*"
                ],
                "demand": 32
            }
        ],
        "killObjectives": [],
        "itemRewards": [
            {
                "itemCode": "game:armor-body-sewn-linen",
                "amount": 1
            }
        ]
    },
    {
        "id": "vsvillage:quest-sell24HorsetailFor3Gears",
        "predecessor": "vsvillage:quest-repairingAnOldSet3",
        "cooldown": 20,
        "perPlayer": false,
        "gatherObjectives": [
            {
                "validCodes": [
                    "flower-horsetail-free"
                ],
                "demand": 24
            }
        ],
        "killObjectives": [],
        "itemRewards": [
            {
                "itemCode": "game:gear-rusty",
                "amount": 3
            }
        ]
    },
    {
        "id": "vsvillage:quest-healplayersetup",
        "cooldown": 99999999,
        "perPlayer": true,
        "onAcceptedActions": [],
        "gatherObjectives": [
            {
                "validCodes": [
                    "flower-horsetail-free"
                ],
                "demand": 12
            },
            {
                "validCodes": [
                    "stone-*"
                ],
                "demand": 1
            },
            {
                "validCodes": [
                    "stick"
                ],
                "demand": 1
            },
            {
                "validCodes": [
                    "honeycomb"
                ],
                "demand": 2
            },            
            {
                "validCodes": [
                    "cattailtops"
                ],
                "demand": 12
            }
        ],
        "itemRewards": [
            {
                "itemCode": "game:rusty-gear",
                "amount": 4
            }
        ],
        "actionRewards": [
            {
                "id": "healplayer",
                "args": []
            }
        ]
    },
    {
        "id": "vsvillage:quest-sell10PowderedSulfurFor2Gears",
        "predecessor": "vsvillage:quest-healplayersetup",
        "cooldown": 10,
        "perPlayer": true,
        "onAcceptedActions": [],
        "gatherObjectives": [
            {
                "validCodes": [
                    "powderedsulfur"
                ],
                "demand": 10
            }
        ],
        "itemRewards": [
            {
                "itemCode": "game:rusty-gear",
                "amount": 2
            }
        ]
    },
    {
        "id": "vsvillage:quest-healplayer",
        "predecessor": "vsvillage:quest-healplayersetup",
        "cooldown": 1,
        "perPlayer": true,
        "onAcceptedActions": [],
        "gatherObjectives": [],
        "actionRewards": [
            {
                "id": "healplayer",
                "args": []
            }
        ]
    },
    {
        "id": "vsvillage:quest-recruitvillager",
        "cooldown": 1,
        "perPlayer": false,
        "onAcceptedActions": [],
        "gatherObjectives": [
            {
                "validCodes": [
                    "gear-rusty"
                ],
                "demand": 2
            }
        ],
        "actionRewards": [
            {
                "id": "recruitentity",
                "args": []
            },
            {
                "id": "playsound",
                "args": [
                    "game:sounds/voice/saxophone"
                ]
            }
        ]
    },
    {
        "id": "vsvillage:quest-kill50DriftersFor20Gears",
        "cooldown": 40,
        "perPlayer": false,
        "gatherObjectives": [],
        "killObjectives": [
            {
                "validCodes": [
                    "drifter-normal",
                    "drifter-deep",
                    "drifter-tainted",
                    "drifter-corrupt",
                    "drifter-nightmare",
                    "drifter-double-headed"
                ],
                "demand": 50
            }
        ],
        "itemRewards": [
            {
                "itemCode": "game:gear-rusty",
                "amount": 20
            }
        ]
    },
    {
        "id": "vsvillage:quest-kill2NightmareDriftersFor12Gears",
        "predecessor": "vsvillage:quest-kill50DriftersFor20Gears",
        "cooldown": 50,
        "perPlayer": false,
        "gatherObjectives": [],
        "killObjectives": [
            {
                "validCodes": [
                    "drifter-nightmare",
                    "drifter-double-headed"
                ],
                "demand": 2
            }
        ],
        "itemRewards": [
            {
                "itemCode": "game:gear-rusty",
                "amount": 12
            }
        ]
    }
]