{
	"editor": {
		"allAngles": false,
		"entityTextureMode": false
	},
	"textureWidth": 16,
	"textureHeight": 16,
	"textureSizes": {
	},
	"textures": {
		"top": "game:block/wood/table/aged/top",
		"blue": "game:block/cloth/linen/blue",
		"material": "game:item/tool/material/iron",
		"iron1": "game:block/metal/sheet/iron1",
		"bottom": "game:block/wood/table/aged/bottom",
		"legs": "game:block/wood/table/aged/legs",
		"aged": "game:block/wood/debarked/aged",
		"sides": "game:block/wood/table/aged/sides",
		"handle": "game:item/tool/material/handle",
		"aged1": "game:block/wood/planks/aged1",
		"globe1": "game:block/wood/globe1"
	},
	"elements": [
		{
			"name": "Cube1",
			"from": [ 0.0, 12.0, 0.0 ], 
			"to": [ 16.0, 16.0, 16.0 ], 
			"faces": {
				"north": { "texture": "#sides", "uv": [ 0.0, 0.0, 16.0, 4.0 ] },
				"east": { "texture": "#sides", "uv": [ 0.0, 4.0, 16.0, 8.0 ] },
				"south": { "texture": "#sides", "uv": [ 0.0, 12.0, 16.0, 16.0 ] },
				"west": { "texture": "#sides", "uv": [ 0.0, 8.0, 16.0, 12.0 ] },
				"up": { "texture": "#top", "uv": [ 0.0, 0.0, 16.0, 16.0 ] },
				"down": { "texture": "#bottom", "uv": [ 0.0, 0.0, 16.0, 16.0 ] }
			},
			"children": [
				{
					"name": "Cube2",
					"from": [ 0.5, -12.0, 0.5 ], 
					"to": [ 4.5, 0.0, 4.5 ], 
					"rotationOrigin": [ 0.5, 0.0, 0.5 ],
					"faces": {
						"north": { "texture": "#legs", "uv": [ 7.5, 3.0, 11.5, 15.0 ] },
						"east": { "texture": "#legs", "uv": [ 11.5, 0.0, 15.5, 12.0 ] },
						"south": { "texture": "#legs", "uv": [ 4.0, 2.0, 8.0, 14.0 ] },
						"west": { "texture": "#legs", "uv": [ 0.0, 4.0, 4.0, 16.0 ] },
						"up": { "texture": "#legs", "uv": [ 0.5, 0.0, 4.5, 4.0 ], "enabled": false },
						"down": { "texture": "#bottom", "uv": [ 0.0, 0.0, 4.0, 4.0 ] }
					}
				},
				{
					"name": "Cube3",
					"from": [ 11.5, -12.0, 0.5 ], 
					"to": [ 15.5, 0.0, 4.5 ], 
					"rotationOrigin": [ -0.5, 0.0, 0.5 ],
					"faces": {
						"north": { "texture": "#legs", "uv": [ 4.0, 4.0, 8.0, 16.0 ] },
						"east": { "texture": "#legs", "uv": [ 8.0, 0.0, 12.0, 12.0 ] },
						"south": { "texture": "#legs", "uv": [ 11.0, 0.0, 15.0, 12.0 ] },
						"west": { "texture": "#legs", "uv": [ 4.0, 4.0, 8.0, 16.0 ] },
						"up": { "texture": "#legs", "uv": [ 0.0, 0.0, 4.0, 4.0 ], "enabled": false },
						"down": { "texture": "#bottom", "uv": [ 12.0, 0.0, 16.0, 4.0 ] }
					}
				},
				{
					"name": "Cube4",
					"from": [ 11.5, -12.0, 11.5 ], 
					"to": [ 15.5, 0.0, 15.5 ], 
					"rotationOrigin": [ -0.5, 0.0, -0.5 ],
					"faces": {
						"north": { "texture": "#legs", "uv": [ 4.0, 2.0, 8.0, 14.0 ] },
						"east": { "texture": "#legs", "uv": [ 1.0, 4.0, 5.0, 16.0 ] },
						"south": { "texture": "#legs", "uv": [ 4.0, 1.0, 8.0, 13.0 ] },
						"west": { "texture": "#legs", "uv": [ 10.0, 4.0, 14.0, 16.0 ] },
						"up": { "texture": "#legs", "uv": [ 0.0, 0.0, 4.0, 4.0 ], "enabled": false },
						"down": { "texture": "#bottom", "uv": [ 0.0, 12.0, 4.0, 16.0 ] }
					}
				},
				{
					"name": "Cube5",
					"from": [ 0.5, -12.0, 11.5 ], 
					"to": [ 4.5, 0.0, 15.5 ], 
					"rotationOrigin": [ 0.5, 0.0, -0.5 ],
					"faces": {
						"north": { "texture": "#legs", "uv": [ 9.0, 4.0, 13.0, 16.0 ] },
						"east": { "texture": "#legs", "uv": [ 5.0, 0.0, 9.0, 12.0 ] },
						"south": { "texture": "#legs", "uv": [ 1.0, 0.0, 5.0, 12.0 ] },
						"west": { "texture": "#legs", "uv": [ 0.0, 4.0, 4.0, 16.0 ] },
						"up": { "texture": "#legs", "uv": [ 0.0, 0.0, 4.0, 4.0 ], "enabled": false },
						"down": { "texture": "#bottom", "uv": [ 12.0, 12.0, 16.0, 16.0 ] }
					}
				},
				{
					"name": "foundation",
					"from": [ 9.5, 4.0, 1.5 ], 
					"to": [ 14.5, 5.0, 6.5 ], 
					"rotationOrigin": [ 12.0, 4.0, 4.0 ],
					"rotationY": 67.5,
					"faces": {
						"north": { "texture": "#aged1", "uv": [ 1.5, 1.5, 6.5, 2.5 ] },
						"east": { "texture": "#aged1", "uv": [ 0.0, 1.0, 5.0, 2.0 ] },
						"south": { "texture": "#aged1", "uv": [ 1.0, 1.5, 6.0, 2.5 ] },
						"west": { "texture": "#aged1", "uv": [ 2.0, 2.5, 7.0, 3.5 ] },
						"up": { "texture": "#aged1", "uv": [ 2.5, 6.0, 7.5, 11.0 ] },
						"down": { "texture": "#aged1", "uv": [ 1.0, 0.5, 6.0, 5.5 ] }
					},
					"children": [
						{
							"name": "pole1",
							"from": [ 2.0, 1.0, 2.0 ], 
							"to": [ 3.0, 15.0, 3.0 ], 
							"rotationOrigin": [ 1.5, 1.0, -5.5 ],
							"faces": {
								"north": { "texture": "#aged1", "uv": [ 0.0, 0.0, 1.0, 14.0 ] },
								"east": { "texture": "#aged1", "uv": [ 0.0, 0.0, 1.0, 14.0 ] },
								"south": { "texture": "#aged1", "uv": [ 0.0, 0.0, 1.0, 14.0 ] },
								"west": { "texture": "#aged1", "uv": [ 0.0, 0.0, 1.0, 14.0 ] },
								"up": { "texture": "#aged1", "uv": [ 0.0, 0.0, 1.0, 1.0 ] },
								"down": { "texture": "#aged1", "uv": [ 0.0, 0.0, 1.0, 1.0 ] }
							},
							"children": [
								{
									"name": "pole2",
									"from": [ -0.5, 14.0, -5.0 ], 
									"to": [ 0.5, 15.0, 6.0 ], 
									"rotationOrigin": [ 0.0, 14.0, -5.0 ],
									"faces": {
										"north": { "texture": "#aged1", "uv": [ 0.0, 0.0, 1.0, 1.0 ] },
										"east": { "texture": "#aged1", "uv": [ 0.0, 2.0, 11.0, 3.0 ] },
										"south": { "texture": "#aged1", "uv": [ 0.0, 0.0, 1.0, 1.0 ] },
										"west": { "texture": "#aged1", "uv": [ 5.0, 1.5, 16.0, 2.5 ] },
										"up": { "texture": "#aged1", "uv": [ 0.0, 0.0, 1.0, 11.0 ] },
										"down": { "texture": "#aged1", "uv": [ 0.0, 0.0, 1.0, 11.0 ] }
									},
									"children": [
										{
											"name": "cloth1",
											"from": [ 0.0, -6.0, 1.0 ], 
											"to": [ 0.1, 0.0, 10.0 ], 
											"rotationOrigin": [ 0.0, -6.0, 1.0 ],
											"faces": {
												"north": { "texture": "#blue", "uv": [ 0.0, 0.0, 0.5, 6.0 ] },
												"east": { "texture": "#blue", "uv": [ 0.0, 0.0, 9.0, 6.0 ] },
												"south": { "texture": "#blue", "uv": [ 0.0, 0.0, 0.5, 6.0 ] },
												"west": { "texture": "#blue", "uv": [ 0.0, 0.0, 9.0, 6.0 ] },
												"up": { "texture": "#blue", "uv": [ 0.0, 0.0, 0.5, 9.0 ] },
												"down": { "texture": "#blue", "uv": [ 0.0, 0.0, 0.5, 9.0 ] }
											},
											"children": [
												{
													"name": "cloth2",
													"from": [ 0.0, -3.0, 0.0 ], 
													"to": [ 0.1, 0.0, 3.5 ], 
													"rotationOrigin": [ 0.0, -3.0, 0.0 ],
													"faces": {
														"north": { "texture": "#blue", "uv": [ 0.0, 0.0, 0.5, 3.0 ] },
														"east": { "texture": "#blue", "uv": [ 0.0, 0.0, 3.5, 3.0 ] },
														"south": { "texture": "#blue", "uv": [ 0.0, 0.0, 0.5, 3.0 ] },
														"west": { "texture": "#blue", "uv": [ 0.0, 0.0, 3.5, 3.0 ] },
														"up": { "texture": "#blue", "uv": [ 0.0, 0.0, 0.5, 3.5 ] },
														"down": { "texture": "#blue", "uv": [ 0.0, 0.0, 0.5, 3.5 ] }
													},
													"children": [
														{
															"name": "cloth4",
															"from": [ 0.0, -3.0, 1.0 ], 
															"to": [ 0.1, 0.0, 2.5 ], 
															"rotationOrigin": [ 0.0, -3.0, 1.0 ],
															"faces": {
																"north": { "texture": "#blue", "uv": [ 0.0, 0.0, 0.5, 3.0 ] },
																"east": { "texture": "#blue", "uv": [ 0.0, 0.0, 1.5, 3.0 ] },
																"south": { "texture": "#blue", "uv": [ 0.0, 0.0, 0.5, 3.0 ] },
																"west": { "texture": "#blue", "uv": [ 0.0, 0.0, 1.5, 3.0 ] },
																"up": { "texture": "#blue", "uv": [ 0.0, 0.0, 0.5, 1.5 ] },
																"down": { "texture": "#blue", "uv": [ 0.0, 0.0, 0.5, 1.5 ] }
															}
														}
													]
												},
												{
													"name": "cloth3",
													"from": [ 0.0, -3.0, 5.5 ], 
													"to": [ 0.1, 0.0, 9.0 ], 
													"rotationOrigin": [ 0.0, -3.0, 6.0 ],
													"faces": {
														"north": { "texture": "#blue", "uv": [ 0.0, 0.0, 0.5, 3.0 ] },
														"east": { "texture": "#blue", "uv": [ 0.0, 0.0, 3.5, 3.0 ] },
														"south": { "texture": "#blue", "uv": [ 0.0, 0.0, 0.5, 3.0 ] },
														"west": { "texture": "#blue", "uv": [ 0.0, 0.0, 3.5, 3.0 ] },
														"up": { "texture": "#blue", "uv": [ 0.0, 0.0, 0.5, 3.5 ] },
														"down": { "texture": "#blue", "uv": [ 0.0, 0.0, 0.5, 3.5 ] }
													},
													"children": [
														{
															"name": "cloth5",
															"from": [ 0.0, -3.0, 1.0 ], 
															"to": [ 0.1, 0.0, 2.5 ], 
															"rotationOrigin": [ 0.0, -3.0, 0.5 ],
															"faces": {
																"north": { "texture": "#blue", "uv": [ 0.0, 0.0, 0.5, 3.0 ] },
																"east": { "texture": "#blue", "uv": [ 0.0, 0.0, 1.5, 3.0 ] },
																"south": { "texture": "#blue", "uv": [ 0.0, 0.0, 0.5, 3.0 ] },
																"west": { "texture": "#blue", "uv": [ 0.0, 0.0, 1.5, 3.0 ] },
																"up": { "texture": "#blue", "uv": [ 0.0, 0.0, 0.5, 1.5 ] },
																"down": { "texture": "#blue", "uv": [ 0.0, 0.0, 0.5, 1.5 ] }
															}
														}
													]
												}
											]
										}
									]
								},
								{
									"name": "pole1top",
									"from": [ 0.5, 14.0, 0.0 ], 
									"to": [ 1.0, 15.0, 1.0 ], 
									"rotationOrigin": [ -0.5, -1.0, -7.5 ],
									"faces": {
										"north": { "texture": "#aged1", "uv": [ 0.0, 0.0, 0.5, 1.0 ] },
										"east": { "texture": "#aged1", "uv": [ 0.0, 0.0, 1.0, 1.0 ] },
										"south": { "texture": "#aged1", "uv": [ 0.0, 0.0, 0.5, 1.0 ] },
										"west": { "texture": "#aged1", "uv": [ 0.0, 0.0, 1.0, 1.0 ] },
										"up": { "texture": "#aged1", "uv": [ 0.0, 0.0, 0.5, 1.0 ] },
										"down": { "texture": "#aged1", "uv": [ 0.0, 0.0, 0.5, 1.0 ] }
									}
								}
							]
						}
					]
				}
			]
		},
		{
			"name": "handle",
			"from": [ 9.5, 18.5, 10.5 ], 
			"to": [ 14.5, 19.5, 11.5 ], 
			"rotationOrigin": [ 8.0, 18.0, 11.0 ],
			"rotationY": -112.5,
			"rotationZ": 67.5,
			"faces": {
				"north": { "texture": "#handle", "uv": [ 0.0, 2.0, 5.0, 3.0 ] },
				"east": { "texture": "#handle", "uv": [ 3.0, 0.0, 4.0, 1.0 ] },
				"south": { "texture": "#handle", "uv": [ 0.0, 4.5, 5.0, 5.5 ] },
				"west": { "texture": "#handle", "uv": [ 3.0, 0.0, 4.0, 1.0 ] },
				"up": { "texture": "#handle", "uv": [ 0.0, 2.0, 5.0, 3.0 ] },
				"down": { "texture": "#handle", "uv": [ 0.0, 3.0, 5.0, 4.0 ] }
			},
			"children": [
				{
					"name": "metal",
					"from": [ -5.0, 0.1, 0.4 ], 
					"to": [ 2.0, 1.1, 0.6 ], 
					"faces": {
						"north": { "texture": "#material", "uv": [ 1.0, 1.0, 8.0, 2.0 ] },
						"east": { "texture": "#material", "uv": [ 0.0, 0.0, 0.0, 1.0 ] },
						"south": { "texture": "#material", "uv": [ 0.0, 7.0, 7.0, 8.0 ] },
						"west": { "texture": "#material", "uv": [ 0.0, 0.0, 0.0, 1.0 ] },
						"up": { "texture": "#material", "uv": [ 1.0, 2.0, 8.0, 2.0 ] },
						"down": { "texture": "#material", "uv": [ 0.0, 0.0, 7.0, 0.0 ] }
					}
				},
				{
					"name": "metal3",
					"from": [ -6.0, 0.6, 0.4 ], 
					"to": [ -5.0, 1.1, 0.6 ], 
					"faces": {
						"north": { "texture": "#material", "uv": [ 4.0, 4.0, 5.0, 4.5 ] },
						"east": { "texture": "#material", "uv": [ 2.0, 2.0, 2.0, 2.5 ], "enabled": false },
						"south": { "texture": "#material", "uv": [ 4.0, 3.0, 5.0, 3.5 ] },
						"west": { "texture": "#material", "uv": [ 2.0, 5.0, 2.0, 5.5 ] },
						"up": { "texture": "#material", "uv": [ 3.0, 4.0, 4.0, 4.0 ] },
						"down": { "texture": "#material", "uv": [ 1.0, 2.0, 2.0, 2.0 ] }
					}
				},
				{
					"name": "metal4",
					"from": [ -3.0, -0.4, 0.4 ], 
					"to": [ 2.0, 0.1, 0.6 ], 
					"faces": {
						"north": { "texture": "#material", "uv": [ 3.0, 6.0, 8.0, 6.5 ] },
						"east": { "texture": "#material", "uv": [ 1.0, 2.0, 1.0, 2.5 ] },
						"south": { "texture": "#material", "uv": [ 1.0, 3.0, 6.0, 3.5 ] },
						"west": { "texture": "#material", "uv": [ 0.0, 1.0, 0.0, 1.5 ] },
						"up": { "texture": "#material", "uv": [ 0.0, 0.0, 5.0, 0.0 ], "enabled": false },
						"down": { "texture": "#material", "uv": [ 1.0, 2.0, 6.0, 2.0 ] }
					}
				}
			]
		},
		{
			"name": "origin",
			"from": [ 3.0, 16.0, 6.0 ], 
			"to": [ 3.0, 16.0, 6.0 ], 
			"rotationOrigin": [ 3.0, 16.0, 6.0 ],
			"rotationY": 15.0,
			"faces": {
				"north": { "texture": "#aged", "uv": [ 7.0, 1.0, 7.5, 1.5 ], "enabled": false },
				"east": { "texture": "#aged", "uv": [ 13.5, 5.5, 14.0, 6.0 ], "enabled": false },
				"south": { "texture": "#aged", "uv": [ 1.5, 15.0, 2.0, 15.5 ], "enabled": false },
				"west": { "texture": "#aged", "uv": [ 15.0, 14.0, 15.5, 14.5 ], "enabled": false },
				"up": { "texture": "#aged", "uv": [ 7.5, 4.5, 8.0, 5.0 ], "enabled": false },
				"down": { "texture": "#aged", "uv": [ 6.5, 4.5, 7.0, 5.0 ], "enabled": false }
			},
			"children": [
				{
					"name": "base",
					"from": [ -1.0, 0.0, -1.0 ], 
					"to": [ 1.0, 2.5, 1.0 ], 
					"faces": {
						"north": { "texture": "#aged", "uv": [ 12.0, 10.0, 14.0, 12.5 ] },
						"east": { "texture": "#aged", "uv": [ 4.5, 6.0, 6.5, 8.5 ] },
						"south": { "texture": "#aged", "uv": [ 8.0, 1.5, 10.0, 4.0 ] },
						"west": { "texture": "#aged", "uv": [ 2.5, 11.0, 4.5, 13.5 ] },
						"up": { "texture": "#aged", "uv": [ 13.5, 2.5, 15.5, 4.5 ] },
						"down": { "texture": "#aged", "uv": [ 12.0, 2.5, 14.0, 4.5 ] }
					},
					"children": [
						{
							"name": "frame-down",
							"from": [ 0.5, 2.5, -1.0 ], 
							"to": [ 1.5, 3.5, 5.0 ], 
							"rotationOrigin": [ 1.0, 2.5, 2.0 ],
							"rotationX": -22.5,
							"faces": {
								"north": { "texture": "#aged", "uv": [ 12.5, 13.0, 13.5, 14.0 ] },
								"east": { "texture": "#aged", "uv": [ 1.5, 8.5, 7.5, 9.5 ] },
								"south": { "texture": "#aged", "uv": [ 12.5, 12.0, 13.5, 13.0 ] },
								"west": { "texture": "#aged", "uv": [ 6.5, 4.5, 12.5, 5.5 ] },
								"up": { "texture": "#aged", "uv": [ 11.5, 6.0, 12.5, 12.0 ] },
								"down": { "texture": "#aged", "uv": [ 10.5, 1.0, 11.5, 7.0 ] }
							},
							"children": [
								{
									"name": "pole",
									"from": [ 0.0, -0.5, 3.5 ], 
									"to": [ 1.0, 7.5, 4.5 ], 
									"rotationOrigin": [ 0.5, 3.0, 4.0 ],
									"rotationY": -45.0,
									"faces": {
										"north": { "texture": "#iron1", "uv": [ 2.5, 6.5, 3.5, 14.5 ] },
										"east": { "texture": "#iron1", "uv": [ 8.5, 1.0, 9.5, 9.0 ] },
										"south": { "texture": "#iron1", "uv": [ 3.5, 4.5, 4.5, 12.5 ] },
										"west": { "texture": "#iron1", "uv": [ 14.5, 3.0, 15.5, 11.0 ] },
										"up": { "texture": "#iron1", "uv": [ 10.0, 8.5, 11.0, 9.5 ] },
										"down": { "texture": "#iron1", "uv": [ 3.0, 6.5, 4.0, 7.5 ] }
									},
									"children": [
										{
											"name": "globe",
											"from": [ -1.5, 2.2, -1.5 ], 
											"to": [ 2.5, 5.7, 2.5 ], 
											"rotationOrigin": [ 0.5, 4.2, 0.5 ],
											"faces": {
												"north": { "texture": "#globe1", "uv": [ 0.0, 7.5, 4.0, 11.0 ] },
												"east": { "texture": "#globe1", "uv": [ 7.5, 1.0, 11.5, 4.5 ] },
												"south": { "texture": "#globe1", "uv": [ 0.0, 0.5, 4.0, 4.0 ] },
												"west": { "texture": "#globe1", "uv": [ 3.5, 8.0, 7.5, 11.5 ] },
												"up": { "texture": "#globe1", "uv": [ 7.5, 8.0, 11.5, 12.0 ] },
												"down": { "texture": "#globe1", "uv": [ 8.0, 5.5, 12.0, 9.5 ] }
											},
											"children": [
												{
													"name": "poles",
													"from": [ 0.5, -0.5, 0.5 ], 
													"to": [ 3.5, 4.0, 3.5 ], 
													"rotationOrigin": [ 2.0, 2.0, 2.0 ],
													"faces": {
														"north": { "texture": "#globe1", "uv": [ 0.0, 0.0, 3.0, 4.5 ] },
														"east": { "texture": "#globe1", "uv": [ 0.0, 0.0, 3.0, 4.5 ] },
														"south": { "texture": "#globe1", "uv": [ 0.0, 0.0, 3.0, 4.5 ] },
														"west": { "texture": "#globe1", "uv": [ 0.0, 0.0, 3.0, 4.5 ] },
														"up": { "texture": "#globe1", "uv": [ 0.0, 0.0, 3.0, 3.0 ] },
														"down": { "texture": "#globe1", "uv": [ 0.0, 0.0, 3.0, 3.0 ] }
													}
												}
											]
										}
									]
								},
								{
									"name": "frame-back",
									"from": [ 0.0, 1.0, 0.0 ], 
									"to": [ 1.0, 6.0, 1.0 ], 
									"rotationOrigin": [ 0.0, 1.0, 0.0 ],
									"faces": {
										"north": { "texture": "#aged", "uv": [ 0.5, 6.0, 5.5, 7.0 ], "rotation": 90 },
										"east": { "texture": "#aged", "uv": [ 4.0, 7.0, 9.0, 8.0 ], "rotation": 90 },
										"south": { "texture": "#aged", "uv": [ 6.5, 6.0, 11.5, 7.0 ], "rotation": 90 },
										"west": { "texture": "#aged", "uv": [ 7.5, 2.0, 12.5, 3.0 ], "rotation": 90 },
										"up": { "texture": "#aged", "uv": [ 7.0, 8.5, 8.0, 9.5 ], "enabled": false },
										"down": { "texture": "#aged", "uv": [ 6.0, 9.5, 7.0, 10.5 ], "enabled": false }
									}
								},
								{
									"name": "frame-top",
									"from": [ 0.0, 6.0, 0.0 ], 
									"to": [ 1.0, 7.0, 6.0 ], 
									"rotationOrigin": [ 0.0, 6.0, 0.0 ],
									"faces": {
										"north": { "texture": "#aged", "uv": [ 10.0, 0.5, 11.0, 1.5 ] },
										"east": { "texture": "#aged", "uv": [ 8.0, 7.0, 14.0, 8.0 ] },
										"south": { "texture": "#aged", "uv": [ 5.5, 7.0, 6.5, 8.0 ] },
										"west": { "texture": "#aged", "uv": [ 1.5, 6.0, 7.5, 7.0 ] },
										"up": { "texture": "#aged", "uv": [ 11.0, 2.0, 12.0, 8.0 ] },
										"down": { "texture": "#aged", "uv": [ 6.0, 5.0, 7.0, 11.0 ] }
									}
								}
							]
						},
						{
							"name": "footW",
							"from": [ -1.0, 0.0, 0.5 ], 
							"to": [ 0.0, 1.0, 1.5 ], 
							"rotationOrigin": [ 0.0, 0.0, 1.0 ],
							"faces": {
								"north": { "texture": "#aged", "uv": [ 11.5, 12.0, 12.5, 13.0 ] },
								"east": { "texture": "#aged", "uv": [ 3.0, 2.5, 4.0, 3.5 ], "enabled": false },
								"south": { "texture": "#aged", "uv": [ 8.5, 6.5, 9.5, 7.5 ] },
								"west": { "texture": "#aged", "uv": [ 4.0, 14.5, 5.0, 15.5 ] },
								"up": { "texture": "#aged", "uv": [ 3.5, 3.5, 4.5, 4.5 ] },
								"down": { "texture": "#aged", "uv": [ 4.0, 4.5, 5.0, 5.5 ] }
							}
						},
						{
							"name": "footE",
							"from": [ 2.0, 0.0, 0.5 ], 
							"to": [ 3.0, 1.0, 1.5 ], 
							"rotationOrigin": [ 2.0, 0.0, 1.0 ],
							"faces": {
								"north": { "texture": "#aged", "uv": [ 5.5, 14.0, 6.5, 15.0 ] },
								"east": { "texture": "#aged", "uv": [ 6.0, 8.0, 7.0, 9.0 ] },
								"south": { "texture": "#aged", "uv": [ 13.0, 0.0, 14.0, 1.0 ] },
								"west": { "texture": "#aged", "uv": [ 14.5, 10.5, 15.5, 11.5 ], "enabled": false },
								"up": { "texture": "#aged", "uv": [ 4.5, 12.0, 5.5, 13.0 ] },
								"down": { "texture": "#aged", "uv": [ 7.0, 11.5, 8.0, 12.5 ] }
							}
						},
						{
							"name": "footN",
							"from": [ 0.5, 0.0, -1.0 ], 
							"to": [ 1.5, 1.0, 0.0 ], 
							"rotationOrigin": [ 1.0, 0.0, 0.0 ],
							"faces": {
								"north": { "texture": "#aged", "uv": [ 6.5, 7.0, 7.5, 8.0 ] },
								"east": { "texture": "#aged", "uv": [ 2.5, 9.5, 3.5, 10.5 ] },
								"south": { "texture": "#aged", "uv": [ 5.5, 2.5, 6.5, 3.5 ], "enabled": false },
								"west": { "texture": "#aged", "uv": [ 13.0, 14.0, 14.0, 15.0 ] },
								"up": { "texture": "#aged", "uv": [ 0.0, 0.5, 1.0, 1.5 ] },
								"down": { "texture": "#aged", "uv": [ 9.5, 3.5, 10.5, 4.5 ] }
							}
						},
						{
							"name": "footS",
							"from": [ 0.5, 0.0, 2.0 ], 
							"to": [ 1.5, 1.0, 3.0 ], 
							"rotationOrigin": [ 1.0, 0.0, 2.0 ],
							"faces": {
								"north": { "texture": "#aged", "uv": [ 7.0, 0.0, 8.0, 1.0 ], "enabled": false },
								"east": { "texture": "#aged", "uv": [ 2.5, 3.5, 3.5, 4.5 ] },
								"south": { "texture": "#aged", "uv": [ 5.0, 11.5, 6.0, 12.5 ] },
								"west": { "texture": "#aged", "uv": [ 2.5, 13.0, 3.5, 14.0 ] },
								"up": { "texture": "#aged", "uv": [ 13.0, 4.5, 14.0, 5.5 ] },
								"down": { "texture": "#aged", "uv": [ 2.0, 9.0, 3.0, 10.0 ] }
							}
						}
					]
				}
			]
		}
	],
	"animations": [
		{
			"name": "test",
			"code": "test",
			"quantityframes": 60,
			"onActivityStopped": "Rewind",
			"onAnimationEnd": "Repeat",
			"keyframes": [

			]
		},

		{
			"name": "test",
			"code": "test",
			"quantityframes": 60,
			"onActivityStopped": "Rewind",
			"onAnimationEnd": "Repeat",
			"keyframes": [

			]
		}
	]
}