{
    "money": {
        "avg": 30,
        "var": 10
    },
    "selling": {
        "maxItems": 14,
        "list": [
            {
                "code": "vsvillage:workstation-soldier-east",
                "type": "block",
                "stacksize": 1,
                "stock": {
                    "avg": 2,
                    "var": 1
                },
                "price": {
                    "avg": 6,
                    "var": 2
                }
            },
            {
                "code": "vsvillage:workstation-farmer-east",
                "type": "block",
                "stacksize": 1,
                "stock": {
                    "avg": 2,
                    "var": 1
                },
                "price": {
                    "avg": 6,
                    "var": 2
                }
            },
            {
                "code": "vsvillage:workstation-shepherd-east",
                "type": "block",
                "stacksize": 1,
                "stock": {
                    "avg": 2,
                    "var": 1
                },
                "price": {
                    "avg": 6,
                    "var": 2
                }
            },
            {
                "code": "vsvillage:workstation-mayor-east",
                "type": "block",
                "stacksize": 1,
                "stock": {
                    "avg": 2,
                    "var": 1
                },
                "price": {
                    "avg": 6,
                    "var": 2
                }
            },
            {
                "code": "vsvillage:workstation-smith-east",
                "type": "block",
                "stacksize": 1,
                "stock": {
                    "avg": 2,
                    "var": 1
                },
                "price": {
                    "avg": 6,
                    "var": 2
                }
            },
            {
                "code": "vsvillage:workstation-herbalist-east",
                "type": "block",
                "stacksize": 1,
                "stock": {
                    "avg": 2,
                    "var": 1
                },
                "price": {
                    "avg": 6,
                    "var": 2
                }
            },
            {
                "code": "vsvillage:workstation-trader-east",
                "type": "block",
                "stacksize": 1,
                "stock": {
                    "avg": 2,
                    "var": 1
                },
                "price": {
                    "avg": 6,
                    "var": 2
                }
            },
            {
                "code": "vsvillage:brazier-extinct",
                "type": "block",
                "stacksize": 1,
                "stock": {
                    "avg": 2,
                    "var": 1
                },
                "price": {
                    "avg": 8,
                    "var": 2
                }
            },
            {
                "code": "vsvillage:waypoint",
                "type": "block",
                "stacksize": 8,
                "stock": {
                    "avg": 2,
                    "var": 1
                },
                "price": {
                    "avg": 6,
                    "var": 2
                }
            },
            {
                "code": "vsvillage:villagebed-blueplaid-east",
                "type": "block",
                "stacksize": 1,
                "stock": {
                    "avg": 8,
                    "var": 2
                },
                "price": {
                    "avg": 2,
                    "var": 1
                }
            },
            {
                "code": "vsvillage:villagebed-whiteplaid-east",
                "type": "block",
                "stacksize": 1,
                "stock": {
                    "avg": 8,
                    "var": 2
                },
                "price": {
                    "avg": 2,
                    "var": 1
                }
            },
            {
                "code": "vsvillage:villagebed-pine-east",
                "type": "block",
                "stacksize": 1,
                "stock": {
                    "avg": 8,
                    "var": 2
                },
                "price": {
                    "avg": 2,
                    "var": 1
                }
            }
        ]
    },
    "buying": {
        "maxItems": 14,
        "list": [
            {
                "code": "game:bread-spelt-perfect",
                "type": "item",
                "stacksize": 8,
                "stock": {
                    "avg": 4,
                    "var": 1
                },
                "price": {
                    "avg": 2,
                    "var": 0.5
                }
            },
            {
                "code": "game:bread-rye-perfect",
                "type": "item",
                "stacksize": 8,
                "stock": {
                    "avg": 4,
                    "var": 1
                },
                "price": {
                    "avg": 2,
                    "var": 0.5
                }
            },
            {
                "code": "game:bread-flax-perfect",
                "type": "item",
                "stacksize": 8,
                "stock": {
                    "avg": 4,
                    "var": 1
                },
                "price": {
                    "avg": 2,
                    "var": 0.5
                }
            },
            {
                "code": "game:bread-rice-perfect",
                "type": "item",
                "stacksize": 8,
                "stock": {
                    "avg": 4,
                    "var": 1
                },
                "price": {
                    "avg": 2,
                    "var": 0.5
                }
            },
            {
                "code": "game:redmeat-cooked",
                "type": "item",
                "stacksize": 8,
                "stock": {
                    "avg": 4,
                    "var": 1
                },
                "price": {
                    "avg": 2,
                    "var": 0.5
                }
            },
            {
                "code": "game:poultry-cooked",
                "type": "item",
                "stacksize": 8,
                "stock": {
                    "avg": 4,
                    "var": 1
                },
                "price": {
                    "avg": 2,
                    "var": 0.5
                }
            },
            {
                "code": "game:bushmeat-cooked",
                "type": "item",
                "stacksize": 8,
                "stock": {
                    "avg": 4,
                    "var": 1
                },
                "price": {
                    "avg": 1,
                    "var": 0.5
                }
            },
            {
                "code": "game:fat",
                "type": "item",
                "stacksize": 3,
                "stock": {
                    "avg": 4,
                    "var": 1
                },
                "price": {
                    "avg": 2,
                    "var": 0.5
                }
            }
        ]
    }
}