{
    "code": "villagebed",
    "entityClass": "VillagerBed",
    "attributes": {
        "handbook": {
            "groupBy": [
                "villagebed-*"
            ]
        },
        "yawByType": {
            "*-north": 0,
            "*-east": 4.71239,
            "*-south": 3.14159,
            "*-west": 1.5708
        }
    },
    "shape": {
        "base": "bed",
        "rotateYByType": {
            "*-north": 90,
            "*-east": 0,
            "*-south": 270,
            "*-west": 180
        }
    },
    "variantGroups": [
        {
            "code": "type",
            "states": [
                "blueplaid",
                "greenplaid",
                "orangeplaid",
                "redplaid",
                "whiteplaid",
                "honeycomb",
                "lemon",
                "pine"
            ]
        },
        {
            "code": "side",
            "loadFromProperties": "abstract/horizontalorientation"
        }
    ],
    "textures": {
        "feet": {
            "base": "game:block/wood/bed/normal/blanket/{type}-feet"
        },
        "feet-sides": {
            "base": "game:block/wood/bed/normal/blanket/{type}-feet-sides"
        },
        "head": {
            "base": "game:block/wood/bed/normal/blanket/{type}-head"
        },
        "head-sides": {
            "base": "game:block/wood/bed/normal/blanket/{type}-head-sides"
        },
        "matress": {
            "baseByType": {
                "@.*-(whiteplaid|lemon)-.*": "game:block/wood/bed/normal/pillowmatresssides/brown",
                "*": "game:block/wood/bed/normal/matress"
            }
        },
        "pillow": {
            "baseByType": {
                "*-blueplaid-*": "game:block/wood/bed/normal/pillowmatresssides/blue",
                "*-orangeplaid-*": "game:block/wood/bed/normal/pillowmatresssides/orange",
                "*-redplaid-*": "game:block/wood/bed/normal/pillowmatresssides/red",
                "*-greenplaid-*": "game:block/wood/bed/normal/pillowmatresssides/green",
                "*": "game:block/wood/bed/normal/pillow"
            }
        }
    },
    "behaviors": [
        {
            "name": "Multiblock",
            "properties": {
                "sizexByType": {
                    "*-north": 1,
                    "*-east": 2,
                    "*-south": 1,
                    "*-west": 2
                },
                "sizey": 1,
                "sizezByType": {
                    "*-north": 2,
                    "*-east": 1,
                    "*-south": 2,
                    "*-west": 1
                },
                "cposition": {
                    "xByType": {
                        "*-north": 0,
                        "*-east": 0,
                        "*-south": 0,
                        "*-west": 1
                    },
                    "y": 0,
                    "zByType": {
                        "*-north": 1,
                        "*-east": 0,
                        "*-south": 0,
                        "*-west": 0
                    }
                }
            }
        },
        {
            "name": "HorizontalOrientable"
        }
    ],
    "sidesolid": {
        "all": false
    },
    "sideopaque": {
        "all": false
    },
    "creativeinventory": {
        "general": [
            "villagebed-blueplaid-east",
            "villagebed-greenplaid-east",
            "villagebed-orangeplaid-east",
            "villagebed-redplaid-east",
            "villagebed-whiteplaid-east",
            "villagebed-honeycomb-east",
            "villagebed-lemon-east",
            "villagebed-pine-east"
        ]
    },
    "lightAbsorption": 1,
    "blockmaterial": "Cloth",
    "resistance": 0.45,
    "sounds": {
        "place": "game:block/cloth",
        "break": "game:block/cloth",
        "hit": "game:block/cloth",
        "walk": "game:walk/cloth"
    },
    "maxStackSize": 8,
    "collisionBoxes": [],
    "selectionBoxes": [
        {
            "x1": 0,
            "y1": 0,
            "z1": 0,
            "x2": 1,
            "y2": 0.2,
            "z2": 1
        }
    ]
}